id,name,cuisine_type,price_normal,price_alt,menu_details,includes_dessert,includes_drink,schedule,days_from,days_to,excluded_day,open_time,close_time,phone,website,google_maps_url,google_place_id
1,Kemo,Asian,12.5,,Starter + Main + Drink,False,True,Mon–Fri 12:30–16:00,Mon,Fri,,12:30,16:00,+34936227430,https://www.kemo.es/,https://maps.app.goo.gl/hKjv4da1bbxRDNpw9,ChIJd1V-d_OipBIRk2tJR6Ilzi8
2,Lady babka,Mediterranean,18.9,,Starter + Main + Dessert + Drink,True,True,Mon–Fri 13:00–16:00,Mon,Fri,,13:00,16:00,+34931267051,http://ladybabka.es/,https://maps.app.goo.gl/T4R5MNDjj85We6LY6,ChIJiZWAJLmjpBIRr41fGxzzhBU
3,Vabowl,Asian,13.9,,Starter + Dim Sum + Main + Dessert + Drink,True,True,Mon–Fri 12:30–16:00,Mon,Fri,,12:30,16:00,+34936844115,https://vabowl.com/,https://maps.app.goo.gl/m3PThf6XsgMX2bop6,ChIJy7JDzvGjpBIReD2kIZ5wYvs
4,Kobe,Japanese,15.95,,Starter + Sushi + Main + Dessert + Drink,True,True,Mon–Fri 13:00–16:00,Mon,Fri,,13:00,16:00,+34615219121,https://kobebcn.com/,https://maps.app.goo.gl/mVHCBQzfEtr6Yxxa9,ChIJGbZRPZijpBIR83Hd4qrvrnc
5,Via granados,Spanish,17.5,,Starter + Main + Dessert + Drink,True,True,Mon–Fri 13:00–15:30,Mon,Fri,,13:00,15:30,+34937070621,https://viagranados.com/?utm_source=google&utm_medium=organico&utm_campaign=gbp&utm_id=enlace+web,https://maps.app.goo.gl/ebRcfY59TjvE2e2o6,ChIJIfWp1I-ipBIRhFFsCgHhQ1c
6,La Martina,Catalan,18.0,,Starter + Main + Dessert + Drink,True,True,Mon–Fri 13:00–15:30,Mon,Fri,,13:00,15:30,+34932853943,http://lamartinadegracia.com/,https://maps.app.goo.gl/aMpqsKGTtA43TG7M6,ChIJoxhPyFSjpBIRtwOMUscSLv4
7,Oishii Remen,Asian,14.5,,Starter + Main + Dessert + Drink,True,True,Tue–Fri 13:00–16:00,Tue,Fri,,13:00,16:00,+34613270042,http://www.oishiiramen.com/,https://maps.app.goo.gl/Kj6jXDp2pp15ktUk6,ChIJSwuRmPqipBIRsPPvzN9uNps
8,Pho Ha Noi,Vietnamese,13.9,,Starter + Main + Dessert + Drink,True,True,Mon–Fri 13:00–16:00,Mon,Fri,,13:00,16:00,+34930101092,http://phohanoibarcelona.com/,https://maps.app.goo.gl/wu4u6HhJiimSg1y69,ChIJ65tSeIyipBIRmnRniTpTLO0
9,Royal Nepal,Nepalese,14.5,,Starter + Main + Dessert + Drink,True,True,Mon–Fri (excl. Wed) 13:00–16:00,Mon,Fri,Wed,13:00,16:00,+34931054243,http://www.royalnepalbcn.com/,https://maps.app.goo.gl/pM3dZSoEpLp3DnaK8,ChIJO1iQHsKipBIR2XVDsXqwpBo
10,Mi Tierra,Colombian,13.5,,Starter + Main + Drink,False,True,Mon–Fri 13:00–16:00,Mon,Fri,,13:00,16:00,+34934407121,https://mytierra.es/,"https://maps.app.goo.gl/BBJzmomZWaVTgCqFA
",ChIJB3aEIfOYpBIRadElqY8lBfw
11,Mi Tierra,Colombian,13.5,,Starter + Main + Drink,False,True,Mon–Fri 13:00–16:00,Mon,Fri,,13:00,16:00,+34938324148,http://mytierra.es/,https://maps.app.goo.gl/4eYncUBVCGpr5jfo7,ChIJ__8zu4mipBIR3gz6pByh1qQ
12,Can Tresó,Spanish,16.8,,Starter + Main + Dessert + Drink,True,True,Mon–Fri 13:00–16:00,Mon,Fri,,13:00,16:00,+34938095043,https://cantreso.com/,https://maps.app.goo.gl/gdhQHXbcL4cACHJy8,ChIJnTySwqKipBIR7mChDrE8LaY
13,Balthazar,Mediterranean,14.95,,Starter + Main + Dessert + Drink,True,True,Mon–Fri 13:00–16:00,Mon,Fri,,13:00,16:00,+34932178250,https://andilana.com/locales/balthazar/,https://maps.app.goo.gl/c29vZ5Zu1A3HtLdY6,ChIJH0DTCJCipBIRJDTuMCJ1Hkc
14,Viet Kitchen,Vietnamese,14.9,,Starter + Main + Dessert + Drink,True,True,Mon–Fri 13:00–16:00,Mon,Fri,,13:00,16:00,+34931090041,https://vietkitchenbcn.com/,https://maps.app.goo.gl/QfzowkwhH3RrtJnd7,ChIJW86eupqipBIRFnFvQTns--Q
15,Pho Viet,Vietnamese,13.9,,Starter + Main + Dessert + Drink,True,True,Mon–Fri 13:00–16:00,Mon,Fri,,13:00,16:00,+34930278661,https://www.instagram.com/pho_viet_barcelona/,https://maps.app.goo.gl/xtoBdb7MoYk9fEkw8,ChIJzav1ORqjpBIRNmmAgGz1MDw
16,Patron Restaurant and Lounge,Spanish,18.9,,Starter + Main + Dessert + Drink,True,True,Mon–Fri 13:00–16:00,Mon,Fri,,13:00,16:00,+34934146622,https://patronrestaurante.com/carta-de-patron/,https://maps.app.goo.gl/bpfnQJ1DeEmgAgVZ7,ChIJZ9PCF5yipBIR4UARKasX5kE
17,Cuina Panda,Chinese,13.0,,Starter + Main + Dessert + Drink,True,True,Mon–Fri 13:00–16:00,Mon,Fri,,13:00,16:00,+34938074751,https://www.instagram.com/cuinapanda/,https://maps.app.goo.gl/v6RuNDsTdZfPnDst6,ChIJZTXy9WKipBIRO0boxRcvjXk
18,El Glop Gaudí,Catalan,16.4,,Starter + Main + Dessert + Drink,True,True,Mon–Fri 13:00–16:00,Mon,Fri,,13:00,16:00,+34934870097,https://elglop.com/,https://maps.app.goo.gl/vU1rpWJ99C92LEhYA,ChIJxwZOJVWjpBIRteiF7ny9ZFc
19,Restaurante L'Encant Vegetarià,Vegetarian,14.95,,3 dishes of choice + Dessert + Water,True,True,Mon–Fri 13:00–16:00,Mon,Fri,,13:00,16:00,+34932440016,http://www.lencantvegetaria.es/,https://maps.app.goo.gl/yZCUKt5T3GR3gcfr9,ChIJowSUHd-ipBIRpt2RLDbxl6U
20,Last Monkey,Asian,10.9,,Bowl of choice + Drink,False,True,Wed–Fri 13:00–15:30,Wed,Fri,,13:00,15:30,+34935328995,https://www.lastmonkey-bcn.com/,https://maps.app.goo.gl/MGwF81AjkEEXX8Rx6,ChIJNZvQj2GipBIRjaO0ElWtnEI
21,Bar Casi,Catalan,17.5,,Starter + Main + Dessert + Drink,True,True,Mon–Fri 12:00–15:30,Mon,Fri,,12:00,15:30,+34669295850,https://www.instagram.com/barcasibcn/,https://maps.app.goo.gl/XGbpbJZByCHPPJpy5,ChIJPfDI3bqipBIRjgWxclrllwE
22,El Glop Plaça Catalunya,Catalan,16.4,,Starter + Main + Dessert + Drink,True,True,Mon–Fri 13:00–16:00,Mon,Fri,,13:00,16:00,+34933187575,http://www.elglop.com/,https://maps.app.goo.gl/KBDtUCvPu2456DsV6,ChIJ48XbxfGipBIR5iX1WNlrDWE
23,MOSCADA,Mediterranean,18.8,,Starter + Main + Dessert + Drink,True,True,Mon–Fri 12:30–16:00,Mon,Fri,,12:30,16:00,+34931018764,https://www.moscadabcn.com/,https://maps.app.goo.gl/iC6w7Ho8Z64egXH57,ChIJbzY6rRWjpBIRNVxSPbboqZA
24,Casa Jaime,Spanish,15.0,,Starter + Main + Dessert + Drink,True,True,Mon–Fri 13:00–15:30,Mon,Fri,,13:00,15:30,+34931893222,http://www.casajaime.cat/,https://maps.app.goo.gl/Z2GCYCE9Ee8cnst98,ChIJKQBtTYmipBIRJef4Qcuk_Rk
25,DosManos,Mediterranean,14.9,,Starter + Pita + Drink,False,True,Mon–Fri 12:30–16:00,Mon,Fri,,12:30,16:00,+34937605211,https://www.instagram.com/dosmanos_pitabar/,https://maps.app.goo.gl/MUwQ6se9TUR2Sf6p7?g_st=ac, ChIJ911FNZSipBIRWbFCLWx3fXY
26,kawamura,Ramen,16.4,,Starter + Main (Ramen) + Dessert + Drink,True,True,Mon–Fri (excl. Thu) 13:30–16:00,Mon,Fri,Thu,13:30,16:00,+34930237546,https://www.instagram.com/popular/kawamura-barcelona/,https://maps.app.goo.gl/7vxJLmEGfToi4F6z7?g_st=ac,ChIJsULx642ipBIRvk3v1A8OhYI
27,Hanoi Restaurant,Vietnamese,15.0,,Starter + Main + Dessert + Drink,True,True,Mon–Fri 12:30–16:00,Mon,Fri,,12:30,16:00,+34934511233,https://www.tripadvisor.com/Restaurant_Review-g187497-d1074510-Reviews-Hanoi-Barcelona_Catalonia.html,https://maps.app.goo.gl/eTZX77LNmSA2ZRSV7?g_st=ac,ChIJsULx642ipBIRjbvvPBntZDc
28,El Provisional,Mediterranean,22.8,,Starter + Main + Dessert + Drink,True,True,Mon–Fri 13:00–16:00,Mon,Fri,,13:00,16:00,+34930151659,http://www.elprovisional.com/,https://maps.app.goo.gl/rZ6brwjNheiG87THA?g_st=ac,ChIJU0arm42ipBIR4smWwYSnhRk
29,Taller de Tapas | Rambla Catalunya,Catalan,16.5,,Starter + Main + Dessert + Drink,True,True,Mon–Fri 13:00–16:00,Mon,Fri,,13:00,16:00,+34934874842,http://tallerdetapas.com/restaurantes/argenteria/,https://maps.app.goo.gl/HyZoy5jjjKEXp3Z59?g_st=ac,ChIJ1Q6UUI2ipBIR7ZgHITkmI94
30,Asian Ways,Asian,14.8,,Starter + Main + Dessert + Drink,True,True,Mon–Fri 13:00–16:00,Mon,Fri,,13:00,16:00,+34938324560,https://restaurantasianways.es/,https://maps.app.goo.gl/bHJ3BpR9CNCkVFiQ8?g_st=ac,ChIJp0HT2l2ipBIR_vyA7IWuu94
31,Asian Ways,Asian,14.8,,Starter + Main + Dessert + Drink,True,True,Mon–Fri (excl. Tue) 13:00–16:00,Mon,Fri,Tue,13:00,16:00,+34934974431,https://restaurantasianways.es/,https://maps.app.goo.gl/B32ypgH8A3asW6RR8,ChIJmbipzZKjpBIRlrRtzF5h7h0
32,Asian Ways,Asian,14.8,,Starter + Main + Dessert + Drink,True,True,Mon–Fri 13:00–16:00,Mon,Fri,,13:00,16:00,+34932703467,https://restaurantasianways.es/,https://maps.app.goo.gl/3APPNVNQK5Rxqg5T6,ChIJSRsN-LajpBIR2NRiDoSKEDc
33,Asian Ways,Asian,14.8,,Starter + Main + Dessert + Drink,True,True,Mon–Fri 13:00–16:00,Mon,Fri,,13:00,16:00,+34930322948,https://restaurantasianways.es/,https://maps.app.goo.gl/6iz84HR6zStkcqSJ8,ChIJHU9Q4XuZpBIRqhCdkLqAOT8
34,Hanoi Umami,Vietnamese,16.5,,Starter + Main + Dessert + Drink,True,True,Mon–Fri 13:00–16:00,Mon,Fri,,13:00,16:00,+34930076397,https://www.instagram.com/hanoiumami.barcelona/,https://maps.app.goo.gl/ubg4F6xuLCpiWsxe9?g_st=ac,ChIJffVxYgCjpBIReo7DGHyiFOw
35,Kayi Sushi,"Japanese, Sushi",14.9,,5 dishes of choice + Dessert + Drink,True,True,Mon–Fri 13:00–16:00,Mon,Fri,,13:00,16:00,+34936227911,http://www.kayisushi.es/,https://maps.app.goo.gl/pMCzw1KBq7ukGn2y8?g_st=ac,ChIJGcJQNwCjpBIRJOq4UbkioO4
36,Messié Sin Gluten Muntaner,Gluten-Free,15.5,,Starter + Main + Dessert + Drink,True,True,Mon–Fri 12:00–16:00,Mon,Fri,,12:00,16:00,+34938082303,http://www.messiepizza.es/messie-pizza-sin-gluten/,https://maps.app.goo.gl/vb9XBpoUB2uEo1416?g_st=ac,ChIJu_Zhho-ipBIRWGFXjskdtPY
37,Le Romane,Italian,14.5,,Starter + Main + Dessert + Drink,True,True,Mon–Thu 13:00–15:30,Mon,Thu,,13:00,15:30,+34937069803,http://www.leromane.com/,https://maps.app.goo.gl/3eXKgoYrmdMmSgNH6?g_st=ac,ChIJNzTNpo-ipBIRO8i0UZsVyzs
38,Bodega Borràs,Spanish,19.9,,Starter + Main + Dessert + Drink,True,True,Mon–Thu 13:00–15:30,Mon,Thu,,13:00,15:30,+34936042669,https://bodegaborras.com/en/,https://maps.app.goo.gl/V8fomp9S41Km7rj26?g_st=ac,ChIJX1Ja4xyjpBIRmL-rZufI7-I
39,Pampa Grill Asador Argentino,Argentinian,20.0,,Starter + Appetizer + Main + Dessert + Drink,True,True,Mon–Fri 13:00–16:00,Mon,Fri,,13:00,16:00,+34930044946,https://www.instagram.com/pampagrill.bcn/,https://maps.app.goo.gl/vaxATWTXz1k35rPf8?g_st=ac,ChIJA3y6k4OjpBIRZPPp8EkXH-o
40,Florida Grill,"Spanish, Grill",18.5,,Starter + Main + Dessert + Drink,True,True,Mon–Fri 13:00–16:00,Mon,Fri,,13:00,16:00,+34933257039,https://florida.cat/,https://maps.app.goo.gl/DzmiMedCvFZJbSUt6?g_st=ac,ChIJZYbL5BOjpBIRKZTgjYOY-LU
41,Sol Argentini,Argentinian,14.5,,Starter + Main + Dessert + Drink,True,True,Wed–Fri 13:00–16:00,Wed,Fri,,13:00,16:00,+34935251411,https://www.instagram.com/solargentino.bcn/,https://maps.app.goo.gl/nZ5HHqkMeFXZg7ME7,ChIJKc1NhRyjpBIRf2Z5AtAroQM
42,Shanti Restaurant,Indian,15.5,,Starter + Main + Dessert + Drink,True,True,Mon–Fri 13:00–15:00,Mon,Fri,,13:00,15:00,+34932051985,https://www.shanti.es/,https://maps.app.goo.gl/GsXsw5a7e3kyeCxn6?g_st=ac,ChIJAZLwTWWYpBIRYlgiaEFiI4U
43,Collonut | Gelabert,Catalan,15.5,,Starter + Main + Dessert + Drink,True,True,Mon–Thu 13:00–16:00,Mon,Thu,,13:00,16:00,+34930384403,https://www.collonut.com/,https://maps.app.goo.gl/Wyis1EpeY312WMxJ9?g_st=ac,ChIJ51AzRzmZpBIRxwKMCKjWORo
44,El Casal Café Bar,Oyster Restaurant,14.0,,Starter + Main + Dessert + Drink,True,True,Mon–Fri 13:00–16:00,Mon,Fri,,13:00,16:00,+34932684004,https://www.elcasalcafe.es/,https://maps.app.goo.gl/X5LVRojoC4Azgab86?g_st=ac,ChIJwVsjHf-ipBIRDiGdeunEFX0
45,Elisabets,Spanish,16.5,,Starter + Main + Dessert + Drink,True,True,Mon–Fri 13:00–15:45,Mon,Fri,,13:00,15:45,+34933175826,https://www.instagram.com/elisabets1962/,https://maps.app.goo.gl/uXwkLZaST9hYxokf6?g_st=ac,ChIJCWo2LvSipBIRTvKXpqi4N38
46,El Sentit,Mediterranean,15.9,,Starter + Main + Dessert + Drink,True,True,Tue–Fri 13:00–16:00,Tue,Fri,,13:00,16:00,+34936012979,https://www.restaurantelsentit.es/,https://maps.app.goo.gl/uN1mkoLXokW4XTfa9,ChIJh81fEZGYpBIR6T43kQTrns0
47,Brasas el Pera,Catalan,13.95,,Starter + Main + Dessert + Drink,True,True,Tue–Fri 13:00–16:00,Tue,Fri,,13:00,16:00,+34631718760,https://www.instagram.com/brasaselpera/,https://maps.app.goo.gl/f64txFvztyFpzpB17,ChIJq5j_z4GYpBIRWQKHa9Bkays
48,Perú En Tu Mesa,Peruvian,15.5,,Starter + Main + Dessert + Drink,True,True,Mon–Fri 13:00–16:00,Mon,Fri,,13:00,16:00,+34670549504,https://www.peruentumesa.es/,https://maps.app.goo.gl/P4rL5TGHLWjCSEPcA,ChIJgZxbzniipBIRvEiy8N---7A
49,Donde Siempre Restaurantes,Venezuelan,15.5,,Starter + Main + Dessert + Drink,True,True,Tue–Fri 12:00–16:00,Tue,Fri,,12:00,16:00,+34931377010,https://lunexio.com/olp/ES/12288_2step_2/index.php?sub5=d6tt3m1ipanc739e3a4g&sub1=84&sub2=2018&sub4=ES&sub3=17506&lp_key=17739603c43fb8eaed9dfcc612fb39fd5dd5916932,https://maps.app.goo.gl/VvNFMQJPvL5vkdK69,ChIJlTYJq3iipBIRJ1VSSuXu1v4
50,La Nova Farga,Catalan,14.5,,Starter + Main + Dessert + Drink,True,True,Mon–Fri 13:00–15:30,Mon,Fri,,13:00,15:30,+34600592909,https://www.instagram.com/lanovafarga?igsh=MWI2MXp4dDY0OHoybw==,https://maps.app.goo.gl/kiidGRpy7Kyt2tSG6,ChIJ-7Su64SYpBIRT0sQO35Y8Lg
51,Corea Street Food,Korean,15.0,,Starter + Main + Drink,False,True,Mon–Fri 13:30–17:00,Mon,Fri,,13:30,17:00,+34659810850,https://www.instagram.com/coreastreetfood.bcn?igsh=OXg5cHF0eWE3dXVz,https://maps.app.goo.gl/5u7MdbBW9RvPzU7c6,ChIJP9BKJOKZpBIRK9tTnUj73Tg
52,Can Coca,Catalan,16.4,,Starter + Main + Dessert + Drink,True,True,Mon–Fri 13:00–16:00,Mon,Fri,,13:00,16:00,+34934217727,https://www.instagram.com/cancocarestaurant/,https://maps.app.goo.gl/JauMor858Yo19WTH6,ChIJF5uciY-YpBIRSQ1qeqxUuQE
53,La Piazzetta GranVia,Italian,17.9,,Starter + Main + Dessert + Drink,True,True,Mon–Fri 13:00–16:00,Mon,Fri,,13:00,16:00,+34930079608,https://www.instagram.com/lapiazzettagranvia/,https://maps.app.goo.gl/uWbXo92xtaKmyc1n7?g_st=ac,ChIJRfgEqouipBIRfsPcqi0_8Do
54,El Farolito L'H,"Catalan, Meat",13.5,,Starter + Main + Dessert + Drink,True,True,Mon–Fri 13:00–16:00,Mon,Fri,,13:00,16:00,+34935289200,https://elfarolito.eatbu.com/?lang=es,https://maps.app.goo.gl/HYNZ58P48AwiBvwo8,ChIJgeaJD5SYpBIRWn1aT_nGZYY
55,A fuego lento,"Mediterranean, Grill",14.9,,Starter + Main + Dessert + Drink,True,True,Mon–Fri 13:00–16:00,Mon,Fri,,13:00,16:00,+34936470515,https://www.restauranteafuegolento.es/,https://maps.app.goo.gl/GikAiXquDewCaBHL7,ChIJ4_-HR8ejpBIR44jprjCq0bc
56,Ristorante Meraviglioso,Italian,14.0,,Starter + Main + Dessert + Drink,True,True,Mon–Fri 13:00–15:15,Mon,Fri,,13:00,15:15,+34646710705,http://www.ristorantemeraviglioso.com/,https://maps.app.goo.gl/JKhhRYBupPNbcQCW7,ChIJgUxix3-ipBIRdTAkivBCBgQ
57,Le Bistrot Restaurant,"French-Catalan, Bistro",16.5,,Starter + Main + Dessert + Drink,True,True,Mon–Fri 12:30–15:30,Mon,Fri,,12:30,15:30,+34694296230,https://bistrotbcn.com/,https://maps.app.goo.gl/AU6ayBDa3PbL71456?g_st=ac,ChIJZQwVe36ipBIRd2dGIIRvI7o
58,Hakone Eixample,Japanese,16.8,,Starter + Main + Dessert + Drink,True,True,Mon–Fri 13:00–16:00,Mon,Fri,,13:00,16:00,+34932053139,https://hakone.es/,https://maps.app.goo.gl/K1tTjvtpSwdyzt7bA?g_st=ac,ChIJVawIX46ipBIRYYNiRUu7Y3c
59,True burgers,Burgers,15.9,,Burger + Fries + Drink,False,True,Mon–Fri 13:00–16:00,Mon,Fri,,13:00,16:00,+34675464880,https://trueburgers.es/,https://maps.app.goo.gl/s8gMM9vEjoCVPnWA9,ChIJWWfv_46ipBIRd5NxrHO0tgU
60,Cal ninot by rosi,"Spanish, Gourmet",25.0,,Appetizer + Starter + Main + Dessert + Drink,True,True,Tue–Fri 13:00–16:00,Tue,Fri,,13:00,16:00,+34931244297,https://www.instagram.com/calninotbyrosi?igsh=MWk1ZXd4ZmZoa3l3Yw==,https://maps.app.goo.gl/KMGo2RnZnougWZgG8?g_st=ac,ChIJASKrf4WipBIREYDiKNo6Snk
61,Fonda Can Portell,Catalan,24.9,,Starter + Main + Dessert + Drink,True,True,Mon–Fri 13:00–15:30,Mon,Fri,,13:00,15:30,+34934904115,https://www.fondacanportell.cat/,https://maps.app.goo.gl/XkhiqvcjmfHFYyGT7,ChIJPf1-eoaYpBIRL9G7K5lv8Wg
62,Mannà,Mediterranean,14.5,,Starter + Main + Dessert + Drink,True,True,Mon–Fri 13:00–16:00,Mon,Fri,,13:00,16:00,+34633832057,https://www.tripadvisor.com/Restaurant_Review-g187497-d986418-Reviews-Restaurante_Manna-Barcelona_Catalonia.html,https://maps.app.goo.gl/ZjUaGV75rNzFGYY78?g_st=ac,ChIJG497BhqjpBIRLkL0Yr5_6lA
63,Cuadro,Mediterranean,14.9,,Starter + Main + Drink,False,True,Mon–Fri 12:00–16:00,Mon,Fri,,12:00,16:00,+34640065174,https://cuadrobarcelona.com/,https://maps.app.goo.gl/nZiUxn7pkZBw4qhKA?g_st=ac,ChIJjyT22LujpBIRCsjWkIva4gU
64,Bistro Marina,"Mediterranean, Bistro",14.95,,Starter + Main + Dessert + Drink,True,True,Mon–Fri 12:00–16:00,Mon,Fri,,12:00,16:00,+34934482617,https://www.instagram.com/bistromarinabcn/,https://maps.app.goo.gl/xx1fjJxVbQu1a3ar5?g_st=ac,ChIJsa6LlQ-jpBIR_oKI_70xI1w
65,Norai Raval,"Mediterranean, Spanish",15.4,,Starter + Main + Dessert + Drink,True,True,Mon–Fri 13:00–16:00,Mon,Fri,,13:00,16:00,+34646852697,https://forsale.godaddy.com/forsale/norai.org?utm_source=TDFS_BINNS2&utm_medium=parkedpages&utm_campaign=x_corp_tdfs-binns2_base&traffic_type=TDFS_BINNS2&traffic_id=binns2&,https://maps.app.goo.gl/VhyLzShM1KaeaYHw6?g_st=ac,ChIJ3Z4FM1eipBIRaKDHn26Iuoc
66,La Pau,"Catalan, Gastronomy",20.0,,Starter + Main + Dessert + Drink,True,True,Tue–Fri 13:00–15:30,Tue,Fri,,13:00,15:30,+34613043258,https://www.restaurantlapau.com/,https://maps.app.goo.gl/xT6wa353D8GdrYRLA,ChIJUcBW8laipBIR_utToQXImUw
67,La Pubilla,Catalan,23.0,,Starter + Main + Dessert + Drink,True,True,Tue–Fri 13:00–15:30,Tue,Fri,,13:00,15:30,+34932182994,https://www.instagram.com/lapubillagracia?igsh=c3UxZnprcmJ2b3p1,https://maps.app.goo.gl/yTQYQJGU16MKFz4V9,ChIJY8W2OJiipBIRYUXNUk3sh50
68,Salero,"Asian, Mediterranean",17.9,,Starter + Main + Dessert + Drink,True,True,Mon–Fri 13:00–16:00,Mon,Fri,,13:00,16:00,+34933198022,https://www.restaurantesalero.com/en/,https://maps.app.goo.gl/LvPQeEHE7J2dpydu5?g_st=ac,ChIJqxz_If6ipBIR_9ch1tSjMqI
69,Ramen Shin,Japanese,15.8,,Starter + Main + Dessert + Drink,True,True,Tue–Fri 13:00–15:30,Tue,Fri,,13:00,15:30,+34930117067,https://www.instagram.com/ramenshin_bcn/,https://maps.app.goo.gl/YTabiX6YQ41DEYEb7?g_st=ac,ChIJPdH2Ab2ipBIRXwEVBwJs2oY
70,Casa López,Catalan,15.0,,Starter + Main + Dessert + Drink,True,True,Tue–Fri 13:15–15:45,Tue,Fri,,13:15,15:45,+34690084406,https://www.instagram.com/casalopezgracia?igsh=YzNpZDJpamt0aG93,https://maps.app.goo.gl/Dgw5nZ8T8J8NjWUR8?g_st=ac,ChIJ-6QmNaOipBIRGQThjOiMGCY
71,En Ville | Gluten Free,"Catalan, Gluten-Free",23.0,,Starter + Main + Dessert + Water,True,True,Mon–Fri 13:00–15:30,Mon,Fri,,13:00,15:30,+34933028467,https://www.envillebarcelona.es/,https://maps.app.goo.gl/fQzo5B6PEm5haxtq7?g_st=ac,ChIJU_9ByfWipBIRsd7JEThKbVo
72,La Cachapera,Venezuelan,13.5,,Main + Dessert + Drink,True,True,Mon–Fri 12:30–16:00,Mon,Fri,,12:30,16:00,+34932200980,https://lacachapera.es/en/?utm_source=GMB&utm_medium=gmb&utm_campaign=gmb&utm_id=web,https://maps.app.goo.gl/9p8JJa5fgWEp5LPz9?g_st=ac,ChIJP4jCw46jpBIRP6zr3cEFmlU
73,La Cachapera villarroel,Venezuelan,13.5,,Main + Dessert + Drink,True,True,Mon–Fri 12:30–16:00,Mon,Fri,,12:30,16:00,+34932200709,https://lacachapera.es/en/?utm_source=GMB&utm_medium=gmb&utm_campaign=gmb&utm_id=web,https://maps.app.goo.gl/Pipo8jHKHz8tKvQC7?g_st=ac,ChIJLa7InImipBIR-D8X64z6OIs
74,La Cachapera,Venezuelan,13.5,,Main + Dessert + Drink,True,True,Mon–Fri 12:30–16:00,Mon,Fri,,12:30,16:00,+34932200981,https://lacachapera.es/en/?utm_source=GMB&utm_medium=gmb&utm_campaign=gmb&utm_id=web,https://maps.app.goo.gl/y5Rzj8ThTapMbZZ28?g_st=ac,ChIJfzrxNwWjpBIRB5L_z3rEd6o
75,Guixot,"Spanish, Tapas",16.4,,Starter + Main + Dessert + Drink,True,True,Mon–Fri 13:00–16:00,Mon,Fri,,13:00,16:00,+34933299553,https://guixot.cat/,https://maps.app.goo.gl/Pf7uUfNToLeXW34q9?g_st=ac,ChIJ4RsUA1-ipBIRwahzJ0kOPNY
76,UMAMI ASIATICO,Asian,12.9,,Starter + Main + Dessert + Drink,True,True,Mon–Fri 12:30–16:30,Mon,Fri,,12:30,16:30,+34688587950,,https://maps.app.goo.gl/RmSpB7TmAvAEuTj87?g_st=ac,ChIJj1Hzw4OYpBIRfp_jLASF1C8
77,Alegoria,"Catalan, Tapas",19.9,,Starter + Main + Dessert + Drink,True,True,Mon–Fri 13:00–16:00,Mon,Fri,,13:00,16:00,+34931069281,https://www.facebook.com/61583530344938/,https://maps.app.goo.gl/bWLYZMNyg1awbST38?g_st=ac,ChIJO4ov2f6ipBIRKMYEmoUeZf4
78,Marinada Restaurant,Catalan,15.9,,Starter + Main + Dessert + Drink,True,True,Mon–Fri 13:00–16:00,Mon,Fri,,13:00,16:00,+34932315928,https://www.instagram.com/restaurantmarinada/?hl=es,https://maps.app.goo.gl/QqE5ZuyB929FV1CZ8,ChIJialXoeWipBIR8rDYI80XYiM
79,La Pedreta,Mediterranean,15.5,,Starter + Main + Dessert + Drink,True,True,Mon–Fri 13:00–16:00,Mon,Fri,,13:00,16:00,+34933472621,https://www.lapedreta.es/,https://maps.app.goo.gl/JCFsv7n98kGwyD9VA?g_st=ac,ChIJP5ZAQ8KipBIR8Lx0phgNvpQ
80,H83,Japanese,13.95,,Drink + 4 dishes of choice + Coffee,False,True,Mon–Fri 12:30–16:30,Mon,Fri,,12:30,16:30,+34933402385,https://www.instagram.com/sagradafamilia_h83_buffet?igsh=MTdkdTZhNjZra2J4Zw==,https://maps.app.goo.gl/EFjVgsxGZeoe4L5dA?g_st=ac,ChIJoWyonu6jpBIRmCUECXW9VWw
81,Cierzo Restaurant,"Spanish, Tapas",16.0,,Starter + Main + Dessert + Drink,True,True,Mon–Fri 13:00–16:00,Mon,Fri,,13:00,16:00,+34930009257,https://www.instagram.com/restaurantecierzo/,https://maps.app.goo.gl/y5DL3bRTuoGk5B8W7,ChIJD-_TQu-ipBIRjB9_hXRfRa8
82,SUSHI SUN,Japanese,13.85,,4 plates of choice + Dessert + Drink,True,True,Mon–Fri 12:00–16:00,Mon,Fri,,12:00,16:00,+34932657576,https://www.instagram.com/sushisun_bcn?igsh=MWV0djNuN3RrcXdkMA==,https://maps.app.goo.gl/bAor9PutgJ1XqR7D8,ChIJ3aCmsduipBIRm4FgzI0qqpE
83,Murivecchi,Italian,18.6,,Starter + Main + Dessert + Drink,True,True,Mon–Fri 13:00–16:00,Mon,Fri,,13:00,16:00,+34933152297,https://www.murivecchi.com/,https://maps.app.goo.gl/33Sd3WSqH5N1shts5?g_st=ac,ChIJqWiau_2ipBIRK6OJz_dItU4
84,Ramen master,Ramen,13.95,,Starter + Main + Drink,False,True,Mon–Fri 13:00–16:00,Mon,Fri,,13:00,16:00,+34648914726,https://ramenmaster.es/,https://maps.app.goo.gl/T6LqwkTMn3daVupV8?g_st=ac,ChIJoeIoqOiipBIReMQe7bMi9m4
85,Kserol,"Spanish, Tapas",17.5,,Starter + Main + Dessert + Water,True,True,Mon–Fri 13:00–16:00,Mon,Fri,,13:00,16:00,+34936393342,https://www.kserol.com/,https://maps.app.goo.gl/vFV6znnN5ytjWTwu7?g_st=ac,ChIJxXT2zueipBIRhT17oqbcnx8
86,Tortuga Restaurante,"Mediterranean, Fusion",14.9,,Starter + Main + Dessert + Drink,True,True,Wed–Fri 13:00–15:30,Wed,Fri,,13:00,15:30,+34658474227,https://tortugarestaurante.es/,https://maps.app.goo.gl/jyvz1UsuQr6vfA626?g_st=ac,ChIJV6o4KuSipBIRZctAmCO_wlI
87,El Tros de La Rambla,Spanish,18.0,,Starter + Main + Dessert + Drink,True,True,Mon–Fri 12:00–16:00,Mon,Fri,,12:00,16:00,+34932718533,https://eltrosdelarambla.com/,https://maps.app.goo.gl/2HboHmU7rF2jcNhB6?g_st=ac,ChIJ3e3lQ0OjpBIR-FhvPgNsTLQ
88,Cumpanamá,Peruvian,15.9,,Starter + Main + Dessert + Drink,True,True,Mon–Fri 13:00–17:00,Mon,Fri,,13:00,17:00,+34935154054,https://cumpanama.com/,https://maps.app.goo.gl/7tKMQq3a7LkNKUy67?g_st=ac,ChIJ5TETZeGjpBIR9Fjp3o4ZobM
89,La vietnamita - gracia,Vietnamese,12.95,,Starter + Main,False,False,Mon–Fri 13:00–16:00,Mon,Fri,,13:00,16:00,+34935181803,http://www.lavietnamita.com/,https://maps.app.goo.gl/TSpA7AHusGzfTeKA9,ChIJcRNmG5aipBIRvjtddo3D5pk
90,El manaba - aribau,Ecuadorian,15.9,,Starter + Main + Dessert + Drink,True,True,Mon–Fri 12:00–17:00,Mon,Fri,,12:00,17:00,+34930244720,https://www.elmanaba.es/,https://maps.app.goo.gl/DmHHaehhsYi12qiu6,ChIJ6ywn9zejpBIRxkiXD757pw4
91,El manaba,Ecuadorian,15.9,,Starter + Main + Dessert + Drink,True,True,Mon–Fri 12:00–17:00,Mon,Fri,,12:00,17:00,+34931438897,https://www.elmanaba.es/,https://maps.app.goo.gl/btjQ99r9pTTG69Fv9,ChIJl8YfjiejpBIRQOXfF5PsxU8
92,Noble barcelona,"Spanish, Tapas",18.9,,Starter + Main + Dessert + Drink,True,True,Tue–Fri 13:00–15:00,Tue,Fri,,13:00,15:00,+34936295555,https://www.instagram.com/noble_barcelona/,https://maps.app.goo.gl/UoeftKgGTQhHd5ja8,ChIJvaE4-eKjpBIRlqp-_oo4GVc
93,Labalabusta,Mediterranean,23.5,,Starter + Main + Dessert + Drink,True,True,Mon–Fri 13:00–15:45,Mon,Fri,,13:00,15:45,+34648124179,https://www.instagram.com/labalabusta/?hl=es,https://maps.app.goo.gl/jLDZcYjr6bGY7Es58,ChIJ0W_S1DejpBIRm7hsjrPoByQ
94,Can culleretes,Catalan,21.5,,Starter + Main + Dessert + Drink,True,True,Tue–Fri 13:00–15:00,Tue,Fri,,13:00,15:00,+34933173022,https://culleretes.com/,https://maps.app.goo.gl/NzPXC6yoKr8jRrXs9,ChIJGYMCSPaipBIRXpfmNOCEE3A
95,Inti&Chaska,Peruvian,14.9,,Starter + Main + Dessert + Drink,True,True,Mon–Fri 13:00–15:45,Mon,Fri,,13:00,15:45,+34685169935,https://www.instagram.com/inti.chaska/,https://maps.app.goo.gl/LyDYh3gxMxBpqwUK8,ChIJu1m3s6SjpBIRSwPy97fOslU
96,Inti&Chaska,Peruvian,14.9,,Starter + Main + Dessert + Drink,True,True,Mon–Fri 13:00–15:45,Mon,Fri,,13:00,15:45,+34931389502,https://www.instagram.com/inti.chaska/,https://maps.app.goo.gl/vmAF4tdiN5Q3yfEN9,ChIJrcDbtaKjpBIRHTaWW2pTBf4
97,petit muu,"Spanish, Meat",15.8,,Starter + Main + Dessert + Drink,True,True,Mon–Fri 13:00–16:00,Mon,Fri,,13:00,16:00,+34608633036,https://petitmuu.es/,https://maps.app.goo.gl/QWJbC1SoZ9ieLjxv7?g_st=ac,ChIJV_gWwI2ipBIR9TrcWqcHp1M
98,Flamant,Mediterranean,14.95,,Starter + Main + Dessert + Drink,True,True,Mon–Fri 13:00–15:45,Mon,Fri,,13:00,15:45,+34933231635,https://andilana.com/locales/flamant/,https://maps.app.goo.gl/cWkauaYn1LpCk5m38?g_st=ac,ChIJi1SzS4yipBIRq9RqyVGXzDs
99,Market Cuina Fresca,"Mediterranean, Healthy",18.5,,Starter + Main + Dessert + Drink,True,True,Mon–Fri 13:00–15:30,Mon,Fri,,13:00,15:30,+34934854563,https://www.instagram.com/marketcuina/,https://maps.app.goo.gl/2Whop5Kjg1M4CmVV7,ChIJzxoBoxejpBIRI94cLjWfnCM
100,Pueblo libre,Peruvian,16.9,,Starter + Main + Dessert,True,False,Mon–Fri 13:00–15:30,Mon,Fri,,13:00,15:30,+34629098442,https://www.pueblolibretaberna.com/,https://maps.app.goo.gl/akSoDgqFecrKwLFg7?g_st=ac,ChIJr8z65tOjpBIRGnO9ChKwbHw
101,Hosomaki Sants,Japanese,15.9,,Starter + Main + Dessert,True,False,Mon–Fri 13:00–16:00,Mon,Fri,,13:00,16:00,+34931994297,https://sants.teamhosomaki.com/,https://maps.app.goo.gl/ir7ajj5ev2mNuP1N7,ChIJlw5BW4aYpBIRboS3-dPAGS0
102,Algrano Bistro | Tamarit,Italian,19.0,,Starter + Main + Dessert + Water,True,True,Mon–Fri (excl. Tue) 13:00–15:30,Mon,Fri,Tue,13:00,15:30,+34640399988,http://www.algranobistro.com/,https://maps.app.goo.gl/A6M7dmVjopVBGA5k8?g_st=ac,ChIJPbdtq5yjpBIRwa8Sn6zcxG0
103,Motomaki & sushi,Japanese,12.9,,3 dishes of choice + Drink,False,True,Mon–Fri 12:15–16:00,Mon,Fri,,12:15,16:00,+34935396892,https://sushify.es/sushi/motomaki-sushi-2/,https://maps.app.goo.gl/LptZdDaRoqpZD9Kb8,ChIJuRD4GYqjpBIRaXb9Y9HmZlE
104,Lamalva,Mediterranean,22.0,,Starter + Main + Dessert + Water,True,True,Mon–Fri 13:00–17:00,Mon,Fri,,13:00,17:00,+34937304692,https://www.lamalvabcn.com/,https://maps.app.goo.gl/7VKxMgReDnErjH6aA?g_st=ac,ChIJ8U98946jpBIRinhPCufu2EQ
105,GYOJASANG Korean BBQ & Bar,"Korean, Korean BBQ",14.9,,Hot Pot (6 plates) + Dessert + Drink,True,True,Wed–Fri 13:00–15:30,Wed,Fri,,13:00,15:30,+34938326594,https://gyojasang.com/barcelona-mallorca/,https://maps.app.goo.gl/hsioYN3vcwPEiPg56?g_st=ac,ChIJiQNFsI-ipBIR0-qFLOEbr7Y
106,Riko's,Peruvian,14.9,,Starter + Main + Dessert + Drink,True,True,Mon–Fri 13:00–17:00,Mon,Fri,,13:00,17:00,+34933657587,https://pollosrikos.com/,https://maps.app.goo.gl/Nj1Cu4Nfo6npUD7JA?g_st=ac,ChIJXTdhPjujpBIRcAYGcOvM9iU
107,ÁNDELE Gràcia,Mexican,16.5,,Starter + Main + Dessert + Drink,True,True,Mon–Fri 12:30–16:00,Mon,Fri,,12:30,16:00,+34650548610,http://andele.es/,https://maps.app.goo.gl/pJ4iWCLsxvYKMqmU9?g_st=ac,ChIJ6-WKRr6ipBIRbZ8sdEdsbwk
108,Alsur Café | Llúria,Brunch,13.0,,Main + Dessert + Drink,True,True,Mon–Fri 13:00–15:00,Mon,Fri,,13:00,15:00,+34936241577,https://www.alsurcafe.com/,https://maps.app.goo.gl/3vxz1do23VeYQQoK9,ChIJyZYIJu6ipBIRe1lRArLwfXo
109,Más Que Sushi,Sushi,16.95,,"Free buffet – no drink, no dessert",False,False,Mon–Fri 13:00–16:00,Mon,Fri,,13:00,16:00,+34936271761,https://masquesushiuniversitat.com/,https://maps.app.goo.gl/SLmRWRzY8C2caZjB8,ChIJ_6F7-n2jpBIRYlQYGI-hj0o
110,Más Que Sushi | Ronda Universitat,Sushi,16.95,,"Free buffet – no drink, no dessert",False,False,Mon–Fri 13:00–16:00,Mon,Fri,,13:00,16:00,+34936636958,https://masquesushiuniversitat.com/,https://maps.app.goo.gl/37WCbpnZvh1gHfFp9,ChIJ20rfgu2jpBIR5oypjJu0sAM
111,Más Que Sushi Viladomat,Sushi,16.95,,"Free buffet – no drink, no dessert",False,False,Mon–Fri 13:00–16:00,Mon,Fri,,13:00,16:00,+34932761746,https://masquesushiuniversitat.com/,https://maps.app.goo.gl/3VSSxESi4SJMPKaBA,ChIJA_SyRHWjpBIRNEpw6Za0rbU
112,Más Que Sushi - St. Gervasi,Sushi,16.95,,"Free buffet – no drink, no dessert",False,False,Mon–Fri 13:00–16:00,Mon,Fri,,13:00,16:00,+34937849734,https://masquesushiuniversitat.com/,https://maps.app.goo.gl/LSPQGa8i6fwmqRsw7,ChIJQ2tbTECZpBIRFjtHmFj6tv0
